,Anseriformes,NCBI_Gen_As_Lv,Ref Genome?,mini_exon,TAQGHARF_like,IgY_H,Quer_Cov,Intron,Chr,GenBank_Accession,>EF*-like,contig,intron_start,intron_end,acceptor_AG_A_pos,acceptor_AG_G_pos,tandem_policy,poly_window,poly_mode,min_run,poly_run_seq,poly_run_window_start,poly_run_window_end,poly_run_start_genomic,poly_run_end_genomic,terminal_exon_start,terminal_exon_end,terminal_frame,stop_codon,stop_codon_start,mini_exon_length,polyA_found,polyA_motif,polyA_start_genomic,mini_exon_seq,polyA_to_polyC
Accipiter_nisus,n,scaffold,,absent,exists,full,89,3,,JANBZV010000097.1,,,,,,,,,,,,,,,,,,,,,,,,,,
Acridotheres_javanicus,n,scaffold,,,lack,partial (VH),49,,,PEJO01001272.1,,,,,,,,,,,,,,,,,,,,,,,,,,
Aegypius_monachus,n,scaffold,,absent,exists,"partial (CH1, CH2, CH23, CH34)",90,4,,JANUXQ010000090.1,,,,,,,,,,,,,,,,,,,,,,,,,,
Aerodramus_maximus,n,absent,,,,,,,,,,,,,,,,,,,,,,,,,,,,,,,,,,
Afropavo_congensis,n,scaffold,,,,,44,,,CDWWLP010017351.1,,,,,,,,,,,,,,,,,,,,,,,,,,
Agapornis_roseicollis,n,chromosome,,absent,exists,"partial (VH, CH1, CH23, CH34)",91,3,20,CM121552.1,,,,,,,,,,,,,,,,,,,,,,,,,,
Aix_galericulata,y,chromosome,y,,exists,full,93,none recognized,,JALLAJ010000312.1,,,,,,,,,,,,,,,,,,,,,,,,,,
Aix_sponsa,y,scaffold,,present (polyC),exists,full,,4,,JBLQYX010000449.1,EI*,"gb|JBLQYX010000449.1|:15749-105685 Aix sponsa voucher APZ20-2016 APZCR00857 isolate WoodDuck01 h1tg000612l_1, whole genome shotgun sequence",80150,84024,82566,82567,first,50,polyC,5,CCCCCC,82516,82565,82560,82565,82568,82575,2,TGA,82573,8,TRUE,AATAAA,82809,AGATCTGA,CCCCCCAGAGATCTGAGCACCTTTGTTGTCCTCCTGACCCCCCTGCTGGCCATGACCATCGACCTGGAGACCCCCTCCCCTCCAAAAACGTGGTGGGGGGGTGGACAACCCAGCAGGTCCTCCCCCCCTCCCTCTTCCTTGGACCTCAGGACAACGTTGGCCGCCTGCCCGTCGCCCTGGGACCTCCCCGGAACCCGAGGACCGGTGGGAAACAAAAAAATAATGGAGATTTTGGTGAAAAGCAACAAAAATAAA
Alauda_arvensis,n,scaffold,,,lack,no alignment,,,,CADDXX010000159.1,,,,,,,,,,,,,,,,,,,,,,,,,,
Alca_torda,n,chromosome,,absent,exists,full,92,3,,VMED01000058.1,,,,,,,,,,,,,,,,,,,,,,,,,,
Alectoris_chukar,n,chromosome,y,,lack,IgC1_L,30,,,CM069474.1,,,,,,,,,,,,,,,,,,,,,,,,,,
Alectoris_graeca,n,chromosome,y,absent,exists,"partial (VH, CH1, CH34)",52,,,OZ257101.1,,,,,,,,,,,,,,,,,,,,,,,,,,
Alectoris_magna,n,chromosome,y,,lack,"parital (VH, CH1, CH23, CH34)",53,,,CM060577.1,,,,,,,,,,,,,,,,,,,,,,,,,,
Alectoris_rufa,n,complete,y,absent,exists,"parital (VH, CH1, CH23, CH34)",74,,,CM122796.1,,,,,,,,,,,,,,,,,,,,,,,,,,
Alectura_lathami,n,scaffold,,,lack,no alignment,55,, ,VXAV01005035.1,,,,,,,,,,,,,,,,,,,,,,,,,,
Alopochen_aegyptiaca,y,chromosome,,present (polyC),exists,full,,4,36,OZ256445.1,EF*,"emb|OZ256445.1|:519431-621719 Alopochen aegyptiaca genome assembly, chromosome: 36",93950,96096,94722,94723,first,50,polyC,5,CCCCCC,94672,94721,94716,94721,94724,94731,2,TGA,94729,8,TRUE,AATAAA,94968,AGTTCTGA,CCCCCCAGAGTTCTGAGCACCTTTGTTGTCCTCCTGACCCCCCTGCTGGCCATGACCATCGACTTGGAGAACCCCCTCCCCCCCTCCAAAAACGTGGTGGGGGGTGGACAACCCAGCAGGTCCTCCCTCCCTCTTCCTTGGACCTCAGGACAACGTTGGCCGCCTGCCCGTCGCCCTGGGACCTCTCCGGAACCCAAGGACCGGTGGGGAAAAAAAAAAAAAAAAATGGAGATTTTGGTGAAAACCAACAAAAATAAA
Amazona_aestiva,n,chromosome,,,lack,partial (CH23),49,,,JAESHV010000136.1,,,,,,,,,,,,,,,,,,,,,,,,,,
Amazonetta_brasiliensis,y,scaffold,,,exists,"partial (CH1, CH2)",,none recognized,,JBBYHF010022350.1,,,,,,,,,,,,,,,,,,,,,,,,,,
Anarhynchus_alexandrinus,n,scaffold,,,lack,"partial (CH2, CH23, CH34)",56,,,VUYV01001070.1,,,,,,,,,,,,,,,,,,,,,,,,,,
Anas_acuta,y,chromosome,,present (polyC),exists,full,93,4,,JAULTV010000048.1,EF*,"gb|JAULTV010000048.1|:1-1001920 Anas acuta isolate SKLFABB-2023c Unplaced7, whole genome shotgun sequence|rev-complement",672997,675820,673676,673677,first,50,polyC,5,CCCCCCCCCC,673626,673675,673666,673675,673678,673685,2,TGA,673683,8,TRUE,AATAAA,673937,AGTTCTGA,CCCCCCCCCCAGAGTTCTGACCACCTTTGTTGTCCTCCTGACCCCCCTGCTGGCCATGACCACCGACCTGGAGACCCCCCCCCCTCCAAAAATTTTTGGGGAGGGGGTGTGGACAACCCAGCAGGTCCTCCTCCCCCCCCTCCACCTCTTCCTTGGACCTCAGGACAACGTCGGCCACCCGCCCGTCGCCCTGGGACCTCTCCGGAACCCCGAGGAGCGGTGGGAAAAGAAAAAAATGGAAAAAATGGAGATTTTGGTGAAAAGCAACAAAAATAAA
Anas_aucklandica,y,scaffold,,,exists,partial (CH34),,none recognized,,JBCATX010000049.1,,,,,,,,,,,,,,,,,,,,,,,,,,
Anas_bahamensis,y,scaffold,,present (polyC),exists,"partial (CH1, CH2, CH23, CH34)",,2,,JBBYHN010043921.1,EF*,"gb|JBBYHN010043921.1|:3886-24981 Anas bahamensis voucher UAM:Bird:36736 43921, whole genome shotgun sequence",16892,18467,17429,17430,first,50,polyC,5,CCCCCCCCC,17379,17428,17420,17428,17431,17438,2,TGA,17436,8,TRUE,AATAAA,17694,AGTTCTGA,CCCCCCCCCAGAGTTCTGACCACCTTTGTTGTCCTCCTGACCCCCCTGCTGGCCATGACCACCGACCTGGAGACCCCCCCCCCCCCTCCAAAAATTTTTGGGGGGGGGTGTGGACAACCCAGCAGGTCCTCCTCCTCCCCCCCCTCCACCTCTTCCTTGGACCTCAGGACAACGTCGGCCACCCGCCCGTCGCCCTGGGACCTCTCCGGAACCCGAGGAGCGGTGGGAAAAGAAAAAAATGGAAAAAATGGAGATTTTGGTGAAAAGCAACAAAAATAAA
Anas_bernieri,y,scaffold,,present (polyC),exists,"partial (CH1, CH2, CH23, CH34)",,2,,JAUEKP010014307.1,EF*,"gb|JAUEKP010014307.1|:4012-42321 Anas bernieri voucher IRGN SHbern 14307, whole genome shotgun sequence",32438,34786,33213,33214,first,50,polyC,5,CCCCCCCCCCC,33163,33212,33202,33212,33215,33222,2,TGA,33220,8,TRUE,AATAAA,33473,AGTTCTGA,CCCCCCCCCCCAGAGTTCTGACCACCTTTGTTGTCCTCCTGACCCCCCTGCTGGCCATGACCACCGACCTGGAGACCCCCCCCCCTCCAAAAATTTTTGGGGGGGGTTGGACAACCCAGCAGGTCCTCCTCCCCCCCCTCCACCTCTTCCTTGGACCTCAGGACAACGTCGGCCACCCGCCCGTCGCCCTGGGACCTCTCCGGAACCCCGAGGAGCGGTGGGAAAAGAAAAAAAAATGGAAAAAATGGAGATTTTGGTGAAAAGCAACAAAAATAAA
Anas_capensis,y,scaffold,,,exists,"partial (CH23, CH34)",57,none recognized,,JAUELN010006822.1,,,,,,,,,,,,,,,,,,,,,,,,,,
Anas_carolinensis,y,scaffold,,,exists,partial (CH2),,none recognized,,JBCAUC010692067.1,,,,,,,,,,,,,,,,,,,,,,,,,,
Anas_crecca,y,chromosome,,present (polyC),exists,full,,4,,JAULTX010000051.1,EF*,"gb|JAULTX010000051.1|:490840-628596 Anas crecca isolate SKLFABB-2023d Unplaced10, whole genome shotgun sequence",125778,129683,126792,126793,first,50,polyC,5,CCCCCCCCCC,126742,126791,126782,126791,126794,126801,2,TGA,126799,8,TRUE,AATAAA,127055,AGTTTTGA,CCCCCCCCCCAGAGTTTTGACCACCTTTGTTGTCCTCCTGACCCCCCTGCTGGCCATGACCACCGACCTGGAGACCCCCCCCCTCCAAAAATTTTTTGGGGGGGTTGGACAACCCAGCAGGTCCTCCTCCTCCCCCCCCCTCCACCTCTTCCTTGGACCTCAGGACAACGTCGGCCACCCGCCCGTCGCCCTGGGACCTCTCCGGAACCCCGAGGAGCGGTGGGAAAAGAAAAAAAAATGGAAAAAATGGAGATTTTGGTGAAAAGCAACAAAAATAAA
Anas_flavirostris,y,scaffold,,,exists,partial (CH2),,none recognized,,JBCATY010164845.1,,,,,,,,,,,,,,,,,,,,,,,,,,
Anas_georgica,y,scaffold,,,exists,partial (CH2),,none recognized,,JAUBNX010006325.1,,,,,,,,,,,,,,,,,,,,,,,,,,
Anas_gibberifrons,y,scaffold,,,exists,partial (CH2),,none recognized,,JBPULJ010405655.1,,,,,,,,,,,,,,,,,,,,,,,,,,
Anas_melleri,y,scaffold,,,exists,partial (CH2),,none recognized,,JBPPPJ010003702.1,,,,,,,,,,,,,,,,,,,,,,,,,,
Anas_platyrhynchos,y,chromosome,,present (polyC),exists,"partial (CH1, CH2, CH23, CH34)",,2,,JAULTW010000674.1,EF*,"gb|JAULTW010000674.1|:1-26796 Anas platyrhynchos isolate SKLFABB-2023a Unplaced633, whole genome shotgun sequence",21305,23350,21823,21824,first,50,polyC,5,CCCCCCCCCC,21773,21822,21813,21822,21825,21832,2,TGA,21830,8,TRUE,AATAAA,22087,AGTTCTGA,CCCCCCCCCCAGAGTTCTGACCACCTTTGTTGTCCTCCTGACCCCCCTGCTGGCCATGACCACCGACCTGGAGACCCCCCCCCCCTCCAAAAATTTTTGGGGAGGGGGTGTGGACAACCCAGCAGGTCCTCCTCCCCCCCCCCTCCACCTCTTCCTTGGACCTCAGGACAACGTCGGCCACCCGCCCGTCGCCCTGGGACCTCTCCGGAACCCCGAGGAGCGGTGGGAAAAGAAAAAAATGGAAAAAATGGAGATTTTGGTGAAAAGCAACAAAAATAAA
Anas_poecilorhyncha,y,scaffold,,,exists,partial(CH2),,none recognized,,JBCJKG010010854.1,,,,,,,,,,,,,,,,,,,,,,,,,,
Anas_zonorhyncha,y,scaffold,,present (polyC),exists,full,,3,,NOIK01001015.1,EF*,"gb|NOIK01001015.1|:1-76313 Anas zonorhyncha breed spot-billed scaffold1017, whole genome shotgun sequence",68997,71178,69860,69861,first,50,polyC,5,CCCCCCCCCC,69810,69859,69850,69859,69862,69869,2,TGA,69867,8,TRUE,AATAAA,70120,AGTTCTGA,CCCCCCCCCCAGAGTTCTGACCACCTTTGTTGTCCTCCTGACCCCCCTGCTGGCCATGACCACCGACCTGGAGACCCCCCCCCTCCAAAAATTTTTGGGGAGGGGGTGTGGACAACCCAGCAGGTCCTCCTCCCCCCCCTCCACCTCTTCCTTGGACCTCAGGACAACGTCGGCCACCCGCCCGTCGCCCTGGGACCTCTCCAGAACCCCGAGGAGCGGTGGGAAAAGAAAAAAATGGAAAAAATGGAGATTTTGGTGAAAAGCAACAAAAATAAA
Anser_albifrons,y,chromosome,y,present (polyC),exists,full,93,3,,OZ320930.1,EF*,"emb|OZ320930.1|:720774-828561 Anser albifrons genome assembly, chromosome: 33",98277,100396,99034,99035,first,50,polyC,5,CCCCCCCCCCCC,98984,99033,99022,99033,99036,99043,2,TGA,99041,8,TRUE,AATAAA,99315,GGTTCTGA,CCCCCCCCCCCCAGGGTTCTGACCACCTTGGTTGTCCTCCTGACCCCCCTGCTGGCCACGACCGTCGACCGCGAGGTCCTCCAAACGTTCCTCGAGGAACCACCCCCCACCCCCCCCCCACCTCCGAAACGTGGTGGGGGCGGACAACCCCAGCAGGTCCTTCTCCTCCCCCCACCCTCGGGACATCGGTGGCCACCTTCCCGTCGCCCTGGGACCTCTCCAGAACCTGAGGACCGGTGGGGAGAAAAAAAAAAAAAAACGGAGATTTTGGTGAAAACCCCCAAAAAAATAATAATAAA
Anser_anser,y,chromosome,y,present (polyC),exists,full,92,3,,OZ124291.1,EF*,"emb|OZ124291.1|:460270-564058 Anser anser genome assembly, chromosome: 34|rev-complement",94567,96914,95621,95622,first,50,polyC,5,CCCCCCCCCCCCC,95571,95620,95608,95620,95623,95630,2,TGA,95628,8,TRUE,AATAAA,95892,AATTCTGA,CCCCCCCCCCCCCAGAATTCTGACCACCTTGGTTGTCCTCCTGACCCCCCTGCTGGCCACGACCGTCGACCGCGAGGTCCTCCAAACGTTCCTCGAGGAACCACCCCCCCCCCCACCTCCGAAACCTGGCGGGGGCGGACAACCCCAGCAGGTCCTTCTCCTCCCCCCACCCTCGGGACATCGGTGGCCACCTTCCCGTCGCCCTGGGACCTCTCCGGAACCCGAGGACCGGTGGGGAGAAAAAAAAAAAAAAACGGAGATTTTGGTGAAAACCCCCAAAAAATAATAAA
Anser_brachyrhynchus,y,chromosome,y,present (polyC),exists,full,93,3,,OZ035921.1,EF*,"emb|OZ035921.1|:1-347600 Anser brachyrhynchus genome assembly, chromosome: 34",330499,333333,331482,331483,first,50,polyC,5,CCCCCCCCCC,331432,331481,331472,331481,331484,331491,2,TGA,331489,8,TRUE,AATAAA,331759,AATTCTGA,CCCCCCCCCCAGAATTCTGACCACCTTGGTTGTCCTCCTGACCCCCCTGCTGGCCACGACTGTCGACCGCGAGGTCCTCCAAACGTTCCTCGAGGAACCACCCCCCACCCCCCCCCACCTCCGAAACCTGGCGGGGGCGGACAACCCCAGCAGGTCCTTCTCCTCCCCCCACCCTCGGGACATCGGTGGCCACCTTCCCGTCGCCCTGGGACCTCTCCGGAACCCGAGGACCGGTGGGGAGAAAAAAAAAAAAAAAACGGAGATTTTGGTGAAAACCCCCAAAAAATAATAAA
Anser_caerulescens,y,scaffold,y,,lack,partial (CH34),55,,,JBNTGS010267394.1,,,,,,,,,,,,,,,,,,,,,,,,,,
Anser_canagicus,y,scaffold,y,absent,exists,"partial (CH23, CH34)",86,3,,JBPULH010000038.1,,,,,,,,,,,,,,,,,,,,,,,,,,
Anser_cygnoides,y,chromosome,y,present (polyC),exists,full,93,3,,NW_027103075.1,EF*,"ref|NW_027103075.1|:336691-440518 Anser cygnoides isolate HZ-2024a breed goose unplaced genomic scaffold, Taihu_goose_T2T_genome scaffold_52_1, whole genome shotgun sequence",94676,97362,95695,95696,first,50,polyC,5,CCCCCCCCCC,95645,95694,95685,95694,95697,95704,2,TGA,95702,8,TRUE,AATAAA,95970,AATTCTGA,CCCCCCCCCCAGAATTCTGACCACCTTGGTTGTCCTCCTGACCCCCCTGCTGGCCACGACCGTCGACCGCGAGGTCCTCCAAACGTTCCTCGAGGAACCACCCCCCCCCCCCACCTCCGAAACCTGGCGGGGGCGGACAACCCCAGCAGGTCCTTCTCCTCCCCCCACCCTCGGGACATCGGTGGCCACCTTCCCGTCGCCCTGGGACCTCTCCGGAACCCGAGGACCGGTGGGGAGAAAAAAAAAAAAAACGGAGATTTTGGTGAAAACCCCAAAAAAAATAACAATAAA
Anser_erythropus,y,chromosome,y,present (polyC),exists,full,93,3,,OZ256092.1,EF*,"emb|OZ256092.1|:407077-571234 Anser erythropus genome assembly, chromosome: 34",147918,150928,148862,148863,first,50,polyC,5,CCCCCCC,148812,148861,148850,148856,148864,148871,2,TGA,148869,8,TRUE,AATAAA,149132,AATTCTGA,CCCCCCCGCCCCAGAATTCTGACCACCTTGGTTGTCCTCCTGACCCCCCTGCTGGCCACGACCGTCGACCGCGAGGTCCTCCAAACGTTCCTCGAGGAACCACCCCCCACCACCACCTCCGAAACCTGGCGGGGGCGGACAACCCCAGCAGGTCCTTCTCCTCCCCCCACCCTCGGGACATCGGTGGCCACCTTCCCGTCGCCCTGGGACCTCTCCGGAACCCGAGGACCGGTGGGGAGAAAAAAAAACGGAGATTTTGGTGAAAACCCCAAAAAAAATAATAATAAA
Anser_fabalis,y,chromosome,y,present (polyC),exists,full,93,3,,CBDFOD010000275.1,EF*,"emb|CBDFOD010000275.1|:1-143109 Anser fabalis genome assembly, contig: SCAFFOLD_328, whole genome shotgun sequence",128283,130565,129263,129264,first,50,polyC,5,CCCCCCCCCCC,129213,129262,129252,129262,129265,129272,2,TGA,129270,8,TRUE,AATAAA,129542,AGTTCTGA,CCCCCCCCCCCAGAGTTCTGACCACCTTGGTTGTCCTCCTGACCCCCCTGCTGGCCACGACCGTCGACCGCGAGGTCCTCCAAACGTTCCTCGAGGAACCACCCCCCACCCCCCCCACCTCCGAAACCTGGCGGGGGCGGACAACCCCAGCAGGTCCTTCTCCTCCCCCCACCCTCGGGACATCGGTGGCCACCTTCCCGTCGCCCTGGGACCTCTCCGGAACCCGAGGACCGGTGGGGAGAAAAAAAAAAAAAAACGGAGATTTTGGTGAAAACCCCAAAAAAAATAATAATAAA
Anser_indicus,y,chromosome,y,present (polyC),exists,full,92,3,,CM046752.1,EF*,"gb|CM046752.1|:4202363-4304989 Anser indicus isolate BHG01 chromosome 22, whole genome shotgun sequence|rev-complement",94295,96370,95176,95177,first,50,polyC,5,CCCCCCCCCC,95126,95175,95166,95175,95178,95185,2,TGA,95183,8,TRUE,AATAAA,95455,AGTTCTGA,CCCCCCCCCCAGAGTTCTGACCACCTTGGTTGTCCTCCTGACCCCCCTGCTGGCCACGACCATCGACCGCGAGGTCCTCCAAACGTTCCTCGAGGAACCACCCCCCACCCCCCCCACCACCTCCGAAACCTGGCGGGGGCGGACAACCCCAGCAGGTCCTTCTCCTCCCCCCACCCTCGGGACATCGGTGGCCACCTTCCCGTCGCCCTGGGACCTCTCCGGAACCCGAGGACCGGTGGGGAGAAAAAAAAAAAACGGAGATTTTGGTGAAAACCCCCAAAAAAATAATAATAAA
Anser_rossii,y,scaffold,y,,lack,"partial (CH23, CH34)",55,,,JBNQTT010154618.1,,,,,,,,,,,,,,,,,,,,,,,,,,
Anseranas_semipalmata,y,scaffold,,present (polyY),exists,"partial (CH2, CH23, CH34)",46,1,,VXAA01000993.1,EF*,"gb|VXAA01000993.1|:1-5533 Anseranas semipalmata voucher USNM:623235 isolate B10K-DU-001-57 scaffold5041, whole genome shotgun sequence",700,2155,1154,1155,all,50,polyY,5,TCTCCTC,1104,1153,1131,1137,1156,1163,2,TGA,1161,8,TRUE,AATAAA,1373,ACTTCTGA,TCTCCTCACACCTCTTGCCCTCCAGACTTCTGACCACCTCTGTTGCCCTCGTCCACCCATGCTGGCCATGACCAATGACTGCGTGGTCCTCCCAATGTCCTCCAAGAACTCCCAGAATGCTCTGCTCCAAAAGGAGGGGAAGGGACCAAGCCGAGGTCCTTCCTCTTGGGACATTTTGGGGGACATTTGGGCACCTTCTGGTCACCTGGGACCTCAACGGTGGAGACCACGGTGGAAAATATAATAAA
Antigone_vipio,n,scaffold,,,exists,"partial (CH23, CH34)",39,none recognized,,BJEU01045971.1,,,,,,,,,,,,,,,,,,,,,,,,,,
Antrostomus_carolinensis,n,scaffold,,,lack,"partial (CH23, CH34)",49,,,NW_010310173.1,,,,,,,,,,,,,,,,,,,,,,,,,,
Apaloderma_vittatum,n,scaffold,,,lack,partial (CH23),,,,NW_009700417.1,,,,,,,,,,,,,,,,,,,,,,,,,,
Aptenodytes_patagonicus,n,chromosome,,absent,exists,"partial (VH, CH23, CH34)",,3,,NW_027472145.1,,,,,,,,,,,,,,,,,,,,,,,,,,
Apteryx_owenii,n,scaffold,,,exists,"partial (CH1, CH2, CH23, CH34)",,2,,PTFC01001603.1,,,,,,,,,,,,,,,,,,,,,,,,,,
Apteryx_rowi,n,scaffold,,,lack,"partial (CH1, CH2, CH23, CH34)",,,,NW_020447658.1,,,,,,,,,,,,,,,,,,,,,,,,,,
Aquila_chrysaetos,n,chromosome,,absent,exists,full,93,3,,NW_024470389.1,,,,,,,,,,,,,,,,,,,,,,,,,,
Ara_ararauna,n,chromosome,,absent,exists,full,,3,27,CM054402.1,,,,,,,,,,,,,,,,,,,,,,,,,,
Aramus_guarauna,n,scaffold,,,lack,"partial (CH2, CH23, CH34)",,58,,VXBL01007146.1,,,,,,,,,,,,,,,,,,,,,,,,,,
Aratinga_solstitialis,n,scaffold,,,exists,"partial (CH2, CH23, CH34)",,1,,WYDG02035414.1,,,,,,,,,,,,,,,,,,,,,,,,,,
Arborophila_gingica,n,scaffold,,,,,34,,,CDWWLR010130955.1,,,,,,,,,,,,,,,,,,,,,,,,,,
Asarcornis_scutulata,y,scaffold,,,exists,"partial (CH1, CH2, CH23, CH34)",,none recognized,,VZSO01000482.1,,,,,,,,,,,,,,,,,,,,,,,,,,
Asio_otus,n,absent,,,,,,,,,,,,,,,,,,,,,,,,,,,,,,,,,,
Athene_cunicularia,n,scaffold,,,lack,no alignment,31,,,NW_020799238.1,,,,,,,,,,,,,,,,,,,,,,,,,,
Aythya_affinis,y,scaffold,y,,lack,partial (CH34),55,,,JBPPPB010282733.1,,,,,,,,,,,,,,,,,,,,,,,,,,
Aythya_americana,y,scaffold,y,,lack,"partial (CH23, CH34)",70,,,JBMAII010067163.1,,,,,,,,,,,,,,,,,,,,,,,,,,
Aythya_australis,y,absent,,,,,,,,,,,,,,,,,,,,,,,,,,,,,,,,,,
Aythya_baeri,y,chromosome,y,present (polyC),exists,full,93,,, JAKRSJ010000121.1,EF*,"gb|JAKRSJ010000121.1|:245307-424990 Aythya baeri isolate LZ_2022 ctg002060_np12, whole genome shotgun sequence|rev-complement",126290,128605,127191,127192,first,50,polyC,5,CCCCCCC,127141,127190,127182,127188,127193,127198,0,TGA,127196,6,TRUE,AATAAA,127387,TTCTGA,CCCCCCCGGAGTTCTGACCACCTTTGTTGTCCTCCTGACCCCCCCGCTGACCATGACCACCGACCCGGAGAACCCCCCCCCCTCCAAAAATTTGGGGGGGGGGTGGACAACCTGCCCGTCGCCCTGGGACCTCTCCGGACCCCGAGGACCGGTGGGAAAAACACAAAACAACAAAAAAATGGAGATTTTGGTGAAAAGCAACAAAAATAAA
Aythya_collaris,y,scaffold,y,,lack,"partial (CH23, CH34)",55,,,JBNFIU010115967.1,,,,,,,,,,,,,,,,,,,,,,,,,,
Aythya_ferina,y,chromosome,,present (polyC),exists,full,,5,,JARZHC010000039.1,EF*,"gb|JARZHC010000039.1|:280070-369556 Aythya ferina isolate TX_2023a Contig4, whole genome shotgun sequence|rev-complement",80652,83232,81728,81729,first,50,polyC,5,CCCCCCC,81678,81727,81719,81725,81730,81735,0,TGA,81733,6,TRUE,AATAAA,81924,TTCTGA,CCCCCCCGGAGTTCTGACCACCTTTGTTGTCCTCCTGACCCCCCCGCTGACCATGACCACCGACCCGGAGAACCCCCCCCTCTCCAAAAATTTGGGGGGGGGGTGGACAACCTGCCCGTCGCCCTGGGACCTCTCCGGACCCCGAGGACCGGTGGGAAAAACAAAAAACAACAAAAAAATGGAGATTTTGGTGAAAAGCAACAAAAATAAA
Aythya_fuligula,y,chromosome,,present (polyC),exists,full,,5,,NW_022473992.1,EF*,"ref|NW_022473992.1|:133213-235854 Aythya fuligula isolate bAytFul2 unplaced genomic scaffold, bAytFul2.pri scaffold_54_arrow_ctg1, whole genome shotgun sequence|rev-complement",94133,95643,94844,94845,first,50,polyC,5,CCCCCCC,94794,94843,94835,94841,94846,94851,0,TGA,94849,6,TRUE,AATAAA,95040,TTCTGA,CCCCCCCGGAGTTCTGACCACCTTTGTTGTCCTCCTGACCCCCCCGCTGACCATGACCACCGACCCGGAGAACCCCCCCCCCTCCAAAAATTTGGGGGGGGGGTGGACAACCTGCCCGTCGCCCTGGGACCTCTCCGGACCCCGAGGACCGGTGGGAAAACCAAAAAACAACAAAAAAATGGAGATTTTGGTGAAAAGCAACAAAAATAAA
Aythya_innotata,y,scaffold,y,,lack,"partial (CH23, CH34)",70,,,JBPGWF010083055.1,,,,,,,,,,,,,,,,,,,,,,,,,,
Aythya_marila,y,chromosome,y,present (polyC),exists,full,92,,,JAOQIG010000039.1,EF*,"gb|JAOQIG010000039.1|:238150-420699 Aythya marila isolate BB-2018 ctg000440_np12, whole genome shotgun sequence|rev-complement",128084,130145,128869,128870,first,50,polyC,5,CCCCCCC,128819,128868,128860,128866,128871,128876,0,TGA,128874,6,TRUE,AATAAA,129065,TTCTGA,CCCCCCCGGAGTTCTGACCACCTTTGTTGTCCTCCTGACCCCCCCGCTGACCATGACCACCGACCCGGAGAGCCCCCCCCCCTCCAAAAATTTGGGGGAGGGGTGGACAACCTGCCCGTCGCCCTGGGACCTCTCCGGACCCCGAGGACCGGTGGGAAAACCAAAAAACAACAAAAAAATGGAGATTTTGGTGAAAAGCAACAAAAATAAA
Aythya_novaeseelandiae,y,scaffold,y,,lack,"partial (CH23, CH34)",57,,,JBPJWA010101792.1,,,,,,,,,,,,,,,,,,,,,,,,,,
Aythya_nyroca,y,scaffold,y,,lack,partial (CH34),55,,,JBPPPC010001845.1,,,,,,,,,,,,,,,,,,,,,,,,,,
Balearica_regulorum,n,chromosome,,absent,exists,full,90,3,,NW_022679028.1,,,,,,,,,,,,,,,,,,,,,,,,,,
Bambusicola_thoracicus,n,scaffold,y,,,,22,,,PPHD01045857.1,,,,,,,,,,,,,,,,,,,,,,,,,,
Biziura_lobata,y,scaffold,,,exists,"partial (CH23, CH34)",55,,,JBPGWE010115192.1,,,,,,,,,,,,,,,,,,,,,,,,,,
Brachypteracias_leptosomus,n,scaffold,,,lack,no alignment,37,,,VYZX01019657.1,,,,,,,,,,,,,,,,,,,,,,,,,,
Branta_bernicla,y,scaffold,y,,,,,,,,,,,,,,,,,,,,,,,,,,,,,,,,,
Branta_canadensis,y,chromosome,y,present (polyC),exists,full,93,3,,OZ246744.1,EF*,"emb|OZ246744.1|:248208-353155 Branta canadensis genome assembly, chromosome: 33|rev-complement",96098,98345,97119,97120,first,50,polyC,5,CCCCCCCCCCCC,97069,97118,97107,97118,97121,97128,2,TGA,97126,8,TRUE,AATAAA,97395,AATTCTGA,CCCCCCCCCCCCAGAATTCTGACCACCTTGGTTGTCCTCCTGACCCCCCTGCTGGCCACGACCGTCGACCGCGAGGTCCTCCAAACGTTCCTCGAGGAACCACCCCCCCCCCCACACCTCCGAAACCTGGCGGGGGCGGACAACCCCAGCAGGTCCTTCTCCTCCCCCCACCCTCGGGACATCGGTGGCCACCTTCCCGTCGCCCTGGGACCTCTCCGGAACCCGAGGACCGGTGGGGAGAAAAAAAAAAAAAACGGAGATTTTGGTGAAAACCCCAAAAAAAATAACAATAAA
Branta_hutchinsii,y,scaffold,y,present (polyC),exists,full,90,,,JAUPTO010000096.1,EF*,"gb|JAUPTO010000096.1|:65644-140702 Branta hutchinsii voucher IRGN:T4EW5LSYYX 96, whole genome shotgun sequence",67523,69899,68677,68678,first,50,polyC,5,CCCCCCCCCCC,68627,68676,68666,68676,68679,68686,2,TGA,68684,8,TRUE,AATAAA,68939,AGTTCTGA,CCCCCCCCCCCAGAGTTCTGACCGCCTTTGTTGTCCTCCTGACCCCCCCGCCGGCCACGACCGTCGACCGCGAGGTCCTCCAAACGTTCCTCGAGAACCCCCCCACCCCCGAACCCTGGCGGGGGCGGACAACCCCAGCAGGTCCTTCTCCCCCACCACCACCACCCCTTCCTTGGAGCTCGGGACATCGGCGGCCTGGGAACCTCTCCGGAACCCGAGGACCGGTGGGGGAGAAAAAAAAAACGGAGATTTTGGTGAAAACCGAAAAAAAAAAATAAA
Branta_leucopsis,y,chromosome,y,present (polyC),exists,full,93,3,,OZ284594.1,EF*,"emb|OZ284594.1|:5177467-5275247 Branta leucopsis genome assembly, chromosome: 30",88553,91078,89371,89372,first,50,polyC,5,CCCCCCCCCCCC,89321,89370,89359,89370,89373,89380,2,TGA,89378,8,TRUE,AATAAA,89633,AGTTCTGA,CCCCCCCCCCCCAGAGTTCTGACCGCCTTTGTTGTCCTCCTGACCCCCCCGCCGGCCACGACCGTCGACCGCGAGGTCCTCCAAACGTTCCTCGAGAACCCCCCCACCCCCGAACCCTGGCGGGGGCGGACAACCCCAGCAGGTCCTTCTCCCCCCACCACCACCCCTTCCTTGGAGCTCGGGACATCGGCGGCCTGGGAACCTCTCCGGAACCCGAGGACCGGTGGGGGAGAAAAAAAAAACGGAGATTTTGGTGAAAACCGAAAAAAAAAAAAATAAA
Branta_ruficollis,y,scaffold,y,,lack,"partial (CH23, CH34)",21,,,JBMAHH010045500.1,,,,,,,,,,,,,,,,,,,,,,,,,,
Branta_sandvicensis,y,scaffold,y,present (polyC),exists,"partial (CH1, CH2, CH23, CH34)",74,3,,JBPJWB010017851.1,EF*,"gb|JBPJWB010017851.1|:4767-27714 Branta sandvicensis isolate ANSP:skin:207558 17851, whole genome shotgun sequence",17933,20228,19021,19022,first,50,polyC,5,CCCCCCCCCCC,18971,19020,19010,19020,19023,19030,2,TGA,19028,8,TRUE,AATAAA,19298,AGTTCTGA,CCCCCCCCCCCAGAGTTCTGACCGCCTTTGTTGTCCTCCTGACCCCCCCGCCGGCCACGACCGTCGACCGCGAGGTCCTCCAAACGTTCCTCGAGAACCCCCCCACCCCCGAAACCTGGCGGGGGCGGACAACCCCAGCAGGTCCTTCTCCCCCCACCACCACCCCTTCCTTGGAGCTCGGGACATCAGCGGCCGCCTTCCCGTCGCCCTGGGGACCTCTCCGGAACCCGAGGACCGGTGGGGGAGAAAAAAAAAAACAGAGATTTTGGTGAAAACCGAAAAAAAAAAAATAAA
Bubo_blakistoni,n,scaffold,,,lack,partial (CH34),52,,,BJCB01011570.1,,,,,,,,,,,,,,,,,,,,,,,,,,
Bucephala_clangula,y,chromosome,,present (polyC),exists,full,,5,,OZ060866.1,EF*,"emb|OZ060866.1|:1823549-1974540 Bucephala clangula genome assembly, chromosome: 33",138159,141656,139676,139677,first,50,polyC,5,CCCCCC,139626,139675,139670,139675,139678,139685,2,TGA,139683,8,TRUE,AATAAA,139931,AGTTCTGA,CCCCCCAGAGTTCTGAGCACCTTTGTTGTCCTCCTGACCCCCCTGCTGGCCATGACCATCGACCTGGAGAACCCCCCCCCTCTCCAAAAACGTGGTGGGGGGGGGGTGGACAACCCAGCAGGTCCTCCCCCCCCCCCCCCCCATCTTCCTTGGACCTCAGGACAACGTTGGCCACCTGCCCGTCGCCCTGGGACCTCTCCGGAACCCGAGGACCGGTGGGGAAACAAAAAAAAAATGGAGGTTTCGGTGAAAACCAACAAAAATAAA
Buceros_rhinoceros,n,scaffold,,,lack,IgC1_L,28,,,NW_010432269.1,,,,,,,,,,,,,,,,,,,,,,,,,,
Bucorvus_abyssinicus,n,chromosome,,absent,exists,full,,3,,WNMG01000078.1,,,,,,,,,,,,,,,,,,,,,,,,,,
Burhinus_oedicnemus,n,scaffold,,,exists,"partial (CH1, CH2, CH23, CH34)",,none recognized,,VFFE01006801.1,,,,,,,,,,,,,,,,,,,,,,,,,,
Butastur_indicus,n,scaffold,,absent,exists,full,93,3,,JANZMB010000088.1,,,,,,,,,,,,,,,,,,,,,,,,,,
Cacatua_leadbeateri_Lophochroa_leadbeateri,n,scaffold,,absent,exists,"partial (CH23, CH34)",,1,,JAAAKP020046220.1,,,,,,,,,,,,,,,,,,,,,,,,,,
Cairina_moschata,y,chromosome,,,exists,no alignment,17,none recognized,,CP130380.1,,,,,,,,,,,,,,,,,,,,,,,,,,
Calidris_pugnax,n,scaffold,,,lack,"partial (CH1, CH23, CH34)",57,,,NW_015091627.1,,,,,,,,,,,,,,,,,,,,,,,,,,
Callipepla_californica,n,scaffold,y,,,,33,,,JALIRH010000021.1,,,,,,,,,,,,,,,,,,,,,,,,,,
Callipepla_squamata,n,scaffold,,,lack,IgC1_L,44,,,MCFN01000114.1,,,,,,,,,,,,,,,,,,,,,,,,,,
Callonetta_leucophrys,y,scaffold,,,exists,"partial (CH23, CH34)",55,none recognized,,JBMAIJ010031737.1,,,,,,,,,,,,,,,,,,,,,,,,,,
Caloenas_nicobarica,n,chromosome,,absent,exists,full,93,3,37,NC_088281.1,,,,,,,,,,,,,,,,,,,,,,,,,,
Calonectris_borealis,n,chromosome,,absent,exists,full,,3,38,NC_134349.1,,,,,,,,,,,,,,,,,,,,,,,,,,
Calypte_anna,n,chromosome,,,lack,no alignment,69,,,NW_022045538.1,,,,,,,,,,,,,,,,,,,,,,,,,,
Camarhynchus_parvulus,n,chromosome,,,lack,"partial (CH2, CH34)",53,,,NW_022148098.1,,,,,,,,,,,,,,,,,,,,,,,,,,
Casuarius_casuarius,n,scaffold,,,exists,"partial (CH1, CH2, CH23, CH34)",,2,,PTFA01000743.1,,,,,,,,,,,,,,,,,,,,,,,,,,
Cathartes_aura,n,scaffold,,,lack,partial (VH),12,,,KL306630.1,,,,,,,,,,,,,,,,,,,,,,,,,,
Catharus_ustulatus,n,chromosome,,,lack,"partial (VH, CH1, CH23, CH34)",72,,,NW_024879453.1,,,,,,,,,,,,,,,,,,,,,,,,,,
Centrocercus_minimus,n,scaffold,y,,,,45,,,SPOS01000010.1,,,,,,,,,,,,,,,,,,,,,,,,,,
Centrocercus_urophasianus,n,scaffold,y,,,,38,,,NW_024884867.1,,,,,,,,,,,,,,,,,,,,,,,,,,
Chauna_torquata,y,scaffold,,,exists,no alignment,,none recognized,,JBPKJJ010292043.1,,,,,,,,,,,,,,,,,,,,,,,,,,
Chiroxiphia_lanceolata,n,chromosome,,,lack,IgV_L_lambda,33,,,NC_045654.1,,,,,,,,,,,,,,,,,,,,,,,,,,
Chlamydotis_macqueenii,n,chromosome,,absent,exists,"partial (CH23, CH34)",38,,35,NW_010497842.1,,,,,,,,,,,,,,,,,,,,,,,,,,
Chloebia_gouldiae_Erythrura_gouldiae,n,scaffold,,,lack,partial (CH2),36,,,QUSF01009393.1,,,,,,,,,,,,,,,,,,,,,,,,,,
Chloephaga_hybrida,y,scaffold,y,,lack,"partial (CH23, CH34)",67,,,JBMAHD010031416.1,,,,,,,,,,,,,,,,,,,,,,,,,,
Chloephaga_poliocephala,y,scaffold,y,,lack,"partial (CH23, CH34)",39,,,JBPPPL010004659.1,,,,,,,,,,,,,,,,,,,,,,,,,,
Chrysolophus_amherstiae,n,scaffold,,,,,54,,,CAUJXY010000676.1,,,,,,,,,,,,,,,,,,,,,,,,,,
Chrysolophus_pictus,n,scaffold,y,,lack,partial (VH),21,,,CM074609.1,,,,,,,,,,,,,,,,,,,,,,,,,,
Chunga_burmeisteri,n,scaffold,,absent,exists,"partial (CH1, CH2, CH23, CH34)",,2,,VZRC01001988.1,,,,,,,,,,,,,,,,,,,,,,,,,,
Cicinnurus_regius,n,scaffold,,,lack,partial (CH34),51,,,RAHN01003973.1,,,,,,,,,,,,,,,,,,,,,,,,,,
Ciconia_boyciana,n,scaffold,,absent,exists,"partial (CH1, CH2, CH23, CH34)",92,2,,NW_027328406.1,,,,,,,,,,,,,,,,,,,,,,,,,,
Ciconia_ciconia,n,scaffold,,,lack,no alignment,,,,CDRODQ010000007.1,,,,,,,,,,,,,,,,,,,,,,,,,,
Ciconia_episcopus,n,scaffold,,,lack,no alignment,58,,,JAODXS010000114.1,,,,,,,,,,,,,,,,,,,,,,,,,,
Clangula_hyemalis,y,chromosome,,present (polyC),exists,full,,5,,OZ022460.1,EF*,"emb|OZ022460.1|:953710-1053681 Clangula hyemalis genome assembly, chromosome: 34|rev-complement",90770,93966,91718,91719,first,50,polyC,5,CCCCCC,91668,91717,91712,91717,91720,91727,2,TGA,91725,8,TRUE,AATAAA,91977,AGTTCTGA,CCCCCCAGAGTTCTGACCACCTTTGTTGTCCTCCTGACCCCCCTGCTGGCCATGACCATCGACCTGGAGACCCCCCCTCCAAAACCGTGGTGGTGGGGAGGGGGTGGACAACCCAGCAGGTCCTCCCCCCTCTTCCTCTTCCTTGGACCTCAGGACAACGTTGGCCACCTGCCCGTCGCCCCTGGGACCTTTCCGGAACCCGAGGAGCGGTGGGGAAAAAAAAAAACAACAAAAAAAATGGAGATTTTGGTGAAAAACCAACAAAAATAAA
Colinus_virginianus,n,scaffold,,,lack,no alignment,31,,,VONY02000019.1,,,,,,,,,,,,,,,,,,,,,,,,,,
Colius_striatus,n,chromosome,,,lack,IgC1_L,28,,,NC_084775.1,,,,,,,,,,,,,,,,,,,,,,,,,,
Columba_livia,n,chromosome,,absent,exists,full,80,3,,NC_088635.1,,,,,,,,,,,,,,,,,,,,,,,,,,
Corapipo_altera,n,scaffold,,,lack,"partial (CH2, CH23, CH34)",55,,,NW_020886064.1,,,,,,,,,,,,,,,,,,,,,,,,,,
Corvus_moneduloides,n,chromosome,,,lack,IgC1_L,33,,,NC_045493.1,,,,,,,,,,,,,,,,,,,,,,,,,,
Coturnix_coturnix,n,chromosome,y,,lack,IgC1_L,16,,,CM122332.1,,,,,,,,,,,,,,,,,,,,,,,,,,
Coturnix_japonica,n,chromosome,y,,lack,"parital (VH, CH1, CH23, CH34)",66,,,NW_015439875.1,,,,,,,,,,,,,,,,,,,,,,,,,,
Crossoptilon_crossoptilon,n,scaffold,,,,,76,,,JARXNR010000358.1,,,,,,,,,,,,,,,,,,,,,,,,,,
Crossoptilon_mantchuricum,n,,,,,,,,,,,,,,,,,,,,,,,,,,,,,,,,,,,
Cuculus_canorus,n,chromosome,,absent,exists,full,,4,,NC_071439.1,,,,,,,,,,,,,,,,,,,,,,,,,,
Cyanistes_caeruleus,n,chromosome,,absent,exists,"partial (VH, CH2, CH23, CH34)",82,3,,OZ310550.1,,,,,,,,,,,,,,,,,,,,,,,,,,
Cyanoderma_ruficeps,n,scaffold,,absent,exists,full,91,3,,VZDJ01000457.1,,,,,,,,,,,,,,,,,,,,,,,,,,
Cygnus_atratus,y,chromosome,y,present (polyC),exists,full,92,3,,NW_026109974.1,EF*,"ref|NW_026109974.1|:33788-242005 Cygnus atratus isolate AKBS03 ecotype Queensland, Australia unplaced genomic scaffold, CAtr_DNAZoo_HiC_assembly HiC_scaffold_38, whole genome shotgun sequence",147407,150045,147920,147921,first,50,polyC,5,CCCCCC,147870,147919,147914,147919,147922,147929,2,TGA,147927,8,TRUE,AATAAA,148166,AATTCTGA,CCCCCCAGAATTCTGACCACCTTTGTTGTCCTCCTGACCCCCCTGCTGGCCACGACCATCGACCGCGAGGTCCTCCAAACGTTCCTCGAGAACCCCCTCCAAAACCTGGTGGGGGTGGACACCCCAGCAGGTCCTTCCCCCCCTTTCCTTGGACCTCGGGACATCGTTGGCCACCTTCCCGTCGCCCTGGGACCTCTCCGGAACCCGAGGACCGGTGGGGAAAAAAACGGAGATTTTGGTGAAAACCAAAAAAATAAA
Cygnus_buccinator,y,scaffold,y,,exists,no alignment,84,2,,JAHMHU010002484.1,,,,,,,,,,,,,,,,,,,,,,,,,,
Cygnus_columbianus,y,chromosome,y,present (polyC),exists,full,92,4,,OZ223826.1,EF*,"emb|OZ223826.1|:418548-622111 Cygnus columbianus genome assembly, chromosome: 31|rev-complement",145016,146795,145636,145637,first,50,polyC,5,CCCCCC,145586,145635,145630,145635,145638,145645,2,TGA,145643,8,TRUE,AATAAA,145867,AATTCTGA,CCCCCCAGAATTCTGACCACCTTTGTTGTCCTCCTGACCCCCCTGCTGGCCACGACCATCGACCGCGAGGTCCTCCAAATGTTCCTCGAGAACCCCCCCCAAAACCTGGTGGGGGTGGACACCCCAGCAGGTCCTTCCCCCCCCTTCCTTGGACCTCGGGACATCGTCGCCCTGGGACCTCTCCGGAACCCGAGGACCGGTGGGGAAAAAAACGGAGATTTTGGTGAAAACCAAAAAAATAAA
Cygnus_cygnus,y,chromosome,y,present (polyC),exists,full,92,4,,CBDIHB010000326.1,EF*,"emb|CBDIHB010000326.1|:54458-154096 Cygnus cygnus genome assembly, contig: HAP1_scaffold_394, whole genome shotgun sequence",90941,93764,91564,91565,first,50,polyC,5,CCCCCC,91514,91563,91558,91563,91566,91573,2,TGA,91571,8,TRUE,AATAAA,91795,AATTCTGA,CCCCCCAGAATTCTGACCACCTTTGTTGTCCTCCTGACCCCCCTGCTGGCCACGACCATCGACCGCGAGGTCCTCCAAATGTTCCTCGAGAACCCCCTCCAAAAGCTGGTGGGGGTGGACACCCCAGCAGGTCCTTCCCCCCCCTTCCTTGGACCTCGGGACATCGTCGCCCTGGGACCTCTCCGGAACCCGAGGACCGGTGGGGAAAAAAACGGAGATTTTGGTGAAAACCAAAAAAATAAA
Cygnus_olor,y,chromosome,y,present (polyC),exists,full,93,4,,NW_024429096.1,EF*,"ref|NW_024429096.1|:1-88225 Cygnus olor isolate bCygOlo1 unplaced genomic scaffold, bCygOlo1.pri.v2 scaffold_103_ctg1, whole genome shotgun sequence|rev-complement",87477,88224,87840,87841,all,50,polyC,5,CCCCCC,87790,87839,87834,87839,87842,87849,2,TGA,87847,8,TRUE,AATAAA,88086,AATTCTGA,CCCCCCAGAATTCTGACCACCTTTGTTGTCCTCCTGACCCCCCTGCTGGCCACGACCATCGACCGCGAGGTCCTCCAAACGTTCCTCGAGAACCCCCTCCAAAACCTGGTGGGGGTGGACACCCCAGCAGGTCCTTCCCCCCCCTTCCTTGGACCTCGGGACATCGTTGGCCACCTTCCTGTCGCCCTGGGACCTCTCCGGAACCCGAGGACCGGTGGGGAAAAAGACGGAGATTTTGGTGAAAACCAAAAAAATAAA
Cyrtonyx_montezumae,n,,,,,,,,,,,,,,,,,,,,,,,,,,,,,,,,,,,
Dendrocopos_noguchii,n,scaffold,,,lack,no alignment,69,,,BJBY01113431.1,,,,,,,,,,,,,,,,,,,,,,,,,,
Dendrocygna_arborea,y,scaffold,,,lack,"partial (CH23, CH34)",55,,,JBMAIB010000905.1,,,,,,,,,,,,,,,,,,,,,,,,,,
Dendrocygna_arcuata,y,scaffold,,,lack,partial (CH34),54,,,JBNVBT010267634.1,,,,,,,,,,,,,,,,,,,,,,,,,,
Dendrocygna_autumnalis,y,scaffold,,present (polyY),exists,"partial (CH2, CH23, CH34)",58,1,,JBMAHG010019196.1,EF*,"gb|JBMAHG010019196.1|:1-8859 Dendrocygna autumnalis isolate ANSP:skin:205246 19196, whole genome shotgun sequence",641,3838,1229,1230,all,50,polyY,5,TCTCCT,1179,1228,1209,1214,1231,1238,2,TGA,1236,8,TRUE,AATAAA,1474,ACTTCTGA,TCTCCTGCCTCTTGCCCTCTAGACTTCTGACCACCTTGGTTGTCCTCCTGACCCCCTGCTGGCCATGACCGACCACCGCGTGGTCCTTCCAACGGTCCTCGAGAACTCCCACAATGCTCTCCTCCCAAAGACCAAGGGGGGTGGACAACCCAGGAGGTCCTTCTCCTTCTCCACCCTTGGGACAACACGCTGGCCACCCGGCGCCTGGGACCTCTGCGGACCGGTGGGGGAAATGTTGGAGACCGTGGGGGGGGAAAAGCCCCAAAATAAA
Dendrocygna_bicolor,y,scaffold,,,lack,partial (CH34),54,,,,,,,,,,,,,,,,,,,,,,,,,,,,,
Dendrocygna_eytoni,y,scaffold,,,lack,partial (CH34),58,,,JBPGUY010616142.1,,,,,,,,,,,,,,,,,,,,,,,,,,
Dendrocygna_viduata,y,scaffold,,,lack,partial (CH34),53,,,JBPGWL010444919.1,,,,,,,,,,,,,,,,,,,,,,,,,,
Diphyllodes_magnificus,n,scaffold,,,lack,IgV_L,28,,,RAHO01000025.1,,,,,,,,,,,,,,,,,,,,,,,,,,
Dromaius_novaehollandiae,n,chromosome,,absent,exists,full,,3,36,NC_088135.1,,,,,,,,,,,,,,,,,,,,,,,,,,
Egretta_garzetta,n,scaffold,,absent,exists,"partial (CH1, CH2, CH23, CH34)",59,1,,NW_009259987.1,,,,,,,,,,,,,,,,,,,,,,,,,,
Empidonax_traillii,n,scaffold,,,lack,no alignment,53,,,NW_020960302.1,,,,,,,,,,,,,,,,,,,,,,,,,,
Eopsaltria_australis,n,scaffold,,,lack,"partial (CH23, CH34)",38,,,JAVTVJ010004784.1,,,,,,,,,,,,,,,,,,,,,,,,,,
Eremophila_alpestris,n,scaffold,,absent,exists,full,74,3,,WMCF01000214.1,,,,,,,,,,,,,,,,,,,,,,,,,,
Eudyptes_moseleyi,n,scaffold,,absent,exists,"partial (CH2, CH23, CH34)",,1,,VULI01005385.1,,,,,,,,,,,,,,,,,,,,,,,,,,
Eudyptula_minor,n,scaffold,,,lack,IgV_L_lambda,,,,VULB01013306.1,,,,,,,,,,,,,,,,,,,,,,,,,,
Eupsittula_pertinax,n,scaffold,,,lack,no alignment,49,,,WUQE02046710.1,,,,,,,,,,,,,,,,,,,,,,,,,,
Eurypyga_helias,n,scaffold,,,lack,no alignment,,,,NW_010284555.1,,,,,,,,,,,,,,,,,,,,,,,,,,
Eurystomus_gularis,n,scaffold,,,lack,"partial (CH2, CH23, CH34)",,,,VZZY01018009.1,,,,,,,,,,,,,,,,,,,,,,,,,,
Excalfactoria_chinensis,n,chromosome,y,,lack,IgC1_L,29,,,NC_092840.1,,,,,,,,,,,,,,,,,,,,,,,,,,
Falcipennis_canadensis,n,,,,,,,,,,,,,,,,,,,,,,,,,,,,,,,,,,,
Falco_peregrinus,n,chromosome,,absent,exists,full,,3,,NW_026599569.1,,,,,,,,,,,,,,,,,,,,,,,,,,
Ficedula_albicollis,n,chromosome,,,lack,partial (CH34),28,,,NC_021691.1,,,,,,,,,,,,,,,,,,,,,,,,,,
Fregetta_grallaria,n,scaffold,,,lack,"partial (CH2, CH23, CH34)",44,,,VZZT01010295.1,,,,,,,,,,,,,,,,,,,,,,,,,,
Fulmarus_glacialis,n,scaffold,,,lack,"partial (CH1, CH2, CH23, CH34)",69,,,NW_009235021.1,,,,,,,,,,,,,,,,,,,,,,,,,,
Gallirallus_okinawae_Hypotaenidia_okinawae,n,scaffold,,absent,exists,"partial (CH1, CH2, CH23, CH34)",,1,,BSDF01000040.1,,,,,,,,,,,,,,,,,,,,,,,,,,
Gallus_gallus,n,chromosome,,absent,exists,full,,4,,NC_052566.1,,,,,,,,,,,,,,,,,,,,,,,,,,
Gavia_stellata,n,chromosome,,absent,exists,"partial (VH, CH23, CH34)",73,3,,NW_026776974.1,,,,,,,,,,,,,,,,,,,,,,,,,,
Geospiza_fortis,n,scaffold,,,lack,IgC1_L,,,,NW_005054330.1,,,,,,,,,,,,,,,,,,,,,,,,,,
Geothlypis_trichas,n,chromosome,,,lack,IgC1_L,,,,CM019918.1,,,,,,,,,,,,,,,,,,,,,,,,,,
Grus_nigricollis,n,scaffold,,absent,exists,full,93,3,,SMUU01000417.1,,,,,,,,,,,,,,,,,,,,,,,,,,
Guaruba_guarouba,n,chromosome,,absent,exists,"partial (VH, CH2, CH23, CH34)",92,3,34,CM098572.1,,,,,,,,,,,,,,,,,,,,,,,,,,
Halcyon_senegalensis,n,scaffold,,,lack,no alignment,54,,,WBNJ01001651.1,,,,,,,,,,,,,,,,,,,,,,,,,,
Haliaeetus_leucocephalus,n,scaffold,,absent,exists,full,,4,,NW_010972756.1,,,,,,,,,,,,,,,,,,,,,,,,,,
Heliornis_fulica,n,scaffold,,,lack,no alignment,,,,VXBZ01008931.1,,,,,,,,,,,,,,,,,,,,,,,,,,
Hemignathus_wilsoni,n,scaffold,,,lack,IgC1,31,,,SGIP01001708.1,,,,,,,,,,,,,,,,,,,,,,,,,,
Herpetotheres_cachinnans,n,scaffold,,,exists,partial (CH34),72,,,VXAJ01001720.1,,,,,,,,,,,,,,,,,,,,,,,,,,
Heteronetta_atricapilla,y,chromosome,,absent,exists,"partial (VH, CH23, CH34)",70,4,,MU014218.1,,,,,,,,,,,,,,,,,,,,,,,,,,
Himantopus_himantopus,n,scaffold,,absent,exists,"partial (CH2, CH23, CH34)",,1,,VXBK01004730.1,,,,,,,,,,,,,,,,,,,,,,,,,,
Hirundo_rustica,n,chromosome,,,lack,IgC1_L,33,,,NC_053466.1,,,,,,,,,,,,,,,,,,,,,,,,,,
Hydrobates_tethys_Oceanodroma_tethys,n,scaffold,,,lack,partial (CH34),37,,,VWZR01003872.1,,,,,,,,,,,,,,,,,,,,,,,,,,
Junco_hyemalis,n,chromosome,,,lack,IgC1_L,28,,,CM042589.1,,,,,,,,,,,,,,,,,,,,,,,,,,
Lagopus_leucura,n,,,,,,,,,,,,,,,,,,,,,,,,,,,,,,,,,,,
Lagopus_muta,n,chromosome,y,,lack,"IgV_L_lambda, IgC1_L",50,,,NC_064449.1,,,,,,,,,,,,,,,,,,,,,,,,,,
Lamprotornis_superbus,n,chromosome,,,lack,IgC1_L,33,,,CM040320.1,,,,,,,,,,,,,,,,,,,,,,,,,,
Lepidothrix_coronata,n,scaffold,,,lack,partial (VH),22,,,NW_016690706.1,,,,,,,,,,,,,,,,,,,,,,,,,,
Leptosomus_discolor,n,chromosome,,,lack,"partial (CH1, CH23, CH34)",40,,,NW_009849932.1,,,,,,,,,,,,,,,,,,,,,,,,,,
Lichenostomus_cassidix,n,chromosome,,,lack,IgC1_L,33,,,CM039196.2,,,,,,,,,,,,,,,,,,,,,,,,,,
Limosa_lapponica,n,scaffold,,,lack,IgC1_TCR_beta,15,,,KZ509972.1,,,,,,,,,,,,,,,,,,,,,,,,,,
Lonchura_striata,n,chromosome,,absent,exists,"partial (VH, CH2, CH23, CH34)",,3,39,NC_134641.1,,,,,,,,,,,,,,,,,,,,,,,,,,
Lophodytes_cucullatus,y,scaffold,,present (polyC),exists,"partial (CH1, CH2, CH23, CH34)",,2,,JBMAIL010000642.1,EF*,"gb|JBMAIL010000642.1|:4361-10877 Lophodytes cucullatus isolate ANSP:skin:206932 642, whole genome shotgun sequence",2411,4585,3249,3250,first,50,polyC,5,CCCCCC,3199,3248,3243,3248,3251,3258,2,TGA,3256,8,TRUE,AATAAA,3500,AGTTCTGA,CCCCCCAGAGTTCTGAGCACCTTTGTTGTCCTCCTGACCCCCCTGCTGGCCATGACCATCGACCTGGAGAACCCCCCCCCCTCCAAAAACGTGGTGGGGGGTGGACAACCCAGCAGGTCCTCCCCCACCCCCCTTCCTTGGACCTCAGGAAAACGTTGGCTTCCTGCCCGTTGCCCTGGGACCTCTCTGGACCCCGGGGACCGGGGGGAAGAAAAAAAAAAAAAAAAAAAATGGAGATTTTGGTGAAAACCAACAAAAATAAA
Lophonetta_specularioides,y,scaffold,y,present (polyC),exists,"partial (CH1, CH2, CH23)",58,,,JAUJPM010000293.1,EF*,"gb|JAUJPM010000293.1|:7544-12027 Lophonetta specularioides voucher IRGN:KGM821 293, whole genome shotgun sequence",2236,3913,3036,3037,first,50,polyC,5,CCCCCCCC,2986,3035,3028,3035,3038,3045,2,TGA,3043,8,TRUE,AATAAA,3299,AGTTTTGA,CCCCCCCCAGAGTTTTGACCACCTTTGTTGTCCTCCTGCCCCCCCTGCTGGCCATGACCACCGACCTGGAGACCCCCCCTCCAAAAATTTGGGGAGGGGGTGGACAACCCAGCAGGTCCTCCCCCCCCTCCACCTCTTCCTTGGACCTCAGGACAACGTTGGCCGCCCGCCCGTCGCCCTGGGACCTCTCCGGAACCCGAGGAGCGGTGGGAAAAAAAGAAAAAAAAAAAAAAACAACAAAAAAATGGAGATTTTGGTGAAACGCAACAAAAATAAA
Lophura_nycthemera,n,,,,,,,,,,,,,,,,,,,,,,,,,,,,,,,,,,,
Lophura_swinhoii,n,chromosome,y,absent,exists,full,,,,CM059486.1,,,,,,,,,,,,,,,,,,,,,,,,,,
Lorius_garrulus,n,scaffold,,,lack,"partial (CH2, CH23, CH34)",,,,JAAAKI020040684.1,,,,,,,,,,,,,,,,,,,,,,,,,,
Lyrurus_tetrix,n,,,,,,,,,,,,,,,,,,,,,,,,,,,,,,,,,,,
Malurus_cyaneus,n,chromosome,,,lack,IgC1_L,28,,,CM019228.1,,,,,,,,,,,,,,,,,,,,,,,,,,
Manacus_vitellinus,n,scaffold,,,lack,"IgV_L_lambda, IgC1_L",32,,,NW_021940379.1,,,,,,,,,,,,,,,,,,,,,,,,,,
Mareca_americana,y,scaffold,y,,lack,"partial (CH23, CH34)",47,,,JAXIUU010052600.1,,,,,,,,,,,,,,,,,,,,,,,,,,
Mareca_falcata,y,chromosome,,present (polyC),exists,full,93,4,,JAULUB010000058.1,ES*,"gb|JAULUB010000058.1|:1-520584 Mareca falcata isolate SKLFABB-2023e Unplaced16, whole genome shotgun sequence|rev-complement",235398,238613,236263,236264,first,50,polyC,5,CCCCCCCCCCC,236213,236262,236252,236262,236265,236272,2,TGA,236270,8,TRUE,AATAAA,236525,AGTCTTGA,CCCCCCCCCCCAGAGTCTTGACCACCTTTGTTGTCCTCCTGACCCCCCTGCTGGCCATGACCACCGACCTGGAGACCCCCCCCCTCCAAAAATTTTTGGGGAGGGGGTGTGGACAACCCAGCAGGTCCTCCTCCCCCCACCCTCCACCTCCTCCTTGGACCTCAGGACAACGTCGGCCACCCGCCCGTCGCCCTGGGACCTCTCCGGAACCCGAGGAGCGGTGGGAAAAACAAAAAAATGGAAAAAATAGAGATTTTGGTGAAAAGCAACAAAAATAAA
Mareca_marecula,y,absent,,,,,,,,,,,,,,,,,,,,,,,,,,,,,,,,,,
Mareca_penelope,y,scaffold,y,present (polyC),exists,"partial (CH1, CH2, CH23, CH34)",75,2,,JAYRCD010204750.1,EF*,"gb|JAYRCD010204750.1|:272-6020 Mareca penelope isolate ANSP:tissue:27964 204750, whole genome shotgun sequence|rev-complement",1990,3837,2603,2604,first,50,polyC,5,CCCCCCCCCC,2553,2602,2593,2602,2605,2612,2,TGA,2610,8,TRUE,AATAAA,2869,AGTTTTGA,CCCCCCCCCCAGAGTTTTGACCACCTTTGTTGTCCTCCTGACCCCCCTGCTGGCCATGACCACCGACCTGGAGACCCCCCCCCCCCTCCAAAAATTTTTGGGGAGGGGGTGTGGACAACCCAGCAGGTCCTCCTCCCCCCACCCTCCACCTCCTCCTTGGACCTCAGGACAACGTCGGCCACCCGCCCGTCGCCCTGGGACCTCTCCGGAACCCGAGGAGCGGTGGGAAAAACAAAAAAAATGGAAAAAATGGAGATTTTGGTGAAAAGCAACAAAAATAAA
Mareca_sibilatrix,y,scaffold,y,present (polyC),exists,"partial (CH2, CH23, CH34)",56,1,,JAVKLD010000613.1,EF*,"gb|JAVKLD010000613.1|:1-4165 Mareca sibilatrix voucher IRGN:REW261 613, whole genome shotgun sequence",309,2467,887,888,first,50,polyC,5,CCCCCCCCCCC,837,886,876,886,889,896,2,TGA,894,8,TRUE,AATAAA,1146,AGTTTTGA,CCCCCCCCCCCAGAGTTTTGACCACCTTTGTTGTCCTCCTGACCCCCCTGCTGGCCATGACCACCGACCTGGAGACCCCCCCCCTCCAAAAATTTTTGGGGAGGGGGTGTGGACAACCCAGCAGGTCCTCCCCCCACCCTCCACCTCCTCCTTGGACCTCAGGACAACGTCGGCCACCCGCCCGTCGCCCTGGGACCTCTCCGGAACCCGAGGAGCGGTGGGAAAAACAAAAAAATGGAAAAAATGGAGATTTTGGTGAAAAGCAACAAAAATAAA
Mareca_strepera,y,chromosome,,present (polyC),exists,full,disappeared from ncbi,5,,CBDIHC010000212.1,EF*,"emb|CBDIHC010000212.1|:12204-167037 Mareca strepera genome assembly, contig: HAP1_SCAFFOLD_276, whole genome shotgun sequence",142360,145088,143269,143270,first,50,polyC,5,CCCCCCCCCCC,143219,143268,143258,143268,143271,143278,2,TGA,143276,8,TRUE,AATAAA,143530,AGTTTTGA,CCCCCCCCCCCAGAGTTTTGACCACCTTTGTTGTCCTCCTGACCCCCCTGCTGGCCATGACCACCGACCTGGAGACCCCCCCCCCTCCAAAAATTTTTGGGGAGGGGGTGGACAACCCAGCAGGTCCTCCTCCCCCCACCCTCCACCTCCTCCTTGGACCTCAGGACAACGTCGGCCACCCGCCCGTCGCCCTGGGACCTCTCCGGAACCCGAGGAGCAGTGGGAAAAACAAAAAAATGGAAAAAATGGAGATTTTGGTGAAAAGCAACAAAAATAAA
Megadyptes_antipodes,n,scaffold,,absent,exists,"partial (CH2, CH23)",37,1,,VULA01006762.1,,,,,,,,,,,,,,,,,,,,,,,,,,
Melanerpes_aurifrons,n,scaffold,,,lack,no alignment,,,,WWNC01000176.1,,,,,,,,,,,,,,,,,,,,,,,,,,
Melanitta_americana,y,scaffold,y,,lack,"partial (CH23, CH34)",55,,,JBMAIP010074596.1,,,,,,,,,,,,,,,,,,,,,,,,,,
Melanitta_deglandi,y,scaffold,,,lack,"partial (CH23, CH34)",55,,,JBPPPF010152831.1,,,,,,,,,,,,,,,,,,,,,,,,,,
Melanitta_fusca,y,scaffold,y,,lack,partial (CH34),55,,,JAQQTK010003412.1,,,,,,,,,,,,,,,,,,,,,,,,,,
Melanitta_nigra,y,scaffold,,,lack,partial (CH34),45,,,JBLTIL010005210.1,,,,,,,,,,,,,,,,,,,,,,,,,,
Melanitta_perspicillata,y,scaffold,y,,lack,partial (CH34),46,,,JBJGGX010012717.1,,,,,,,,,,,,,,,,,,,,,,,,,,
Meleagris_gallopavo,n,chromosome,y,,lack,partial (CH34),34,,,NW_011217789.1,,,,,,,,,,,,,,,,,,,,,,,,,,
Melopsittacus_undulatus,n,chromosome,,absent,exists,"partial (VH, CH23, CH34)",,3,,NC_047556.1,,,,,,,,,,,,,,,,,,,,,,,,,,
Melospiza_melodia,n,chromosome,,,lack,"partial (VH, CH23, CH34)",,,,NW_026948565.1,,,,,,,,,,,,,,,,,,,,,,,,,,
Menura_novaehollandiae,n,scaffold,,,lack,IgC1,47,,,VWPS01001438.1,,,,,,,,,,,,,,,,,,,,,,,,,,
Merganetta_armata,y,scaffold,,,lack,"partial (CH23, CH34)",54,,,JBPGNP010089977.1,,,,,,,,,,,,,,,,,,,,,,,,,,
Mergellus_albellus,y,chromosome,,present (polyC),exists,full,,4,,OZ310719.1,ES*,"emb|OZ310719.1|:597584-689289 Mergellus albellus genome assembly, chromosome: 34",83780,85941,84394,84395,first,50,polyC,5,CCCCCC,84344,84393,84388,84393,84396,84403,2,TGA,84401,8,TRUE,AATAAA,84636,AGTCCTGA,CCCCCCAGAGTCCTGAGCACCTTTGTTGTCCTCCTGACCCCCCTGCTGGCCATGACCATCGACCTGGAGAACCCCCCCCTCCAAAAACGTGGTGGGGGGTGGACAACCCAGCAGGTCCTCCCCCCCCCCTCTTCCTTGGACCTCAGGACAACGTTGGCCACCTGCCCGTCGCCCTGGGACTTCTCCGGAACCCGAGGACCGGTGGGAAAAAAAAAAAAAAAATGGAGATTTTGGTGAAAACCAACAAAAATAAA
Mergus_australis,y,absent,,,,,,,,,,,,,,,,,,,,,,,,,,,,,,,,,,
Mergus_merganser,y,scaffold,y,,lack,partial (CH34),39,,,JBMAIO010026414.1,,,,,,,,,,,,,,,,,,,,,,,,,,
Mergus_octosetaceus,y,chromosome,,present (polyC),exists,full,92,4,,CM072316.1,EF*,"gb|CM072316.1|:40888-134744 Mergus octosetaceus isolate bMerOct1 chromosome 34, whole genome shotgun sequence",86200,88426,87036,87037,first,50,polyC,5,CCCCCC,86986,87035,87030,87035,87038,87045,2,TGA,87043,8,TRUE,AATAAA,87311,AGTTCTGA,CCCCCCAGAGTTCTGAGCACCTTTGTTGTCCTCCTGACCCCCCTGCTGGCCATGACCATCGACCTGGAGAACCCCCCCCCCCCCTCCAAAAACGTGGTGGGGGGTGGACAACCCAGCAGGTCCTCCCCCCCCCCCCCTCTTCCTTGGACCTCAGGACAACGTTGGCCACCTGCCCGTCGCCCTGGGACCTCTCTGGAACCCGAGGACCGGTGGGAAGAAGAAGAAGAAAAAAAAAAAAAAAAAAAAAAAAAAAAAAGGAGATTTTGGTGAAAACCAACAAAAATAAA
Mergus_serrator,y,chromosome,y,,exists,no alignment,86,5,,OZ377940.1,,,,,,,,,,,,,,,,,,,,,,,,,,
Mergus_squamatus,y,scaffold,y,,lack,partial (CH23 CH34),55,,,JBPGNR010299588.1,,,,,,,,,,,,,,,,,,,,,,,,,,
Merops_nubicus,n,chromosome,,,lack,IgC1,,,,NW_008604542.1,,,,,,,,,,,,,,,,,,,,,,,,,,
Mesitornis_unicolor,n,scaffold,,,lack,IgC1_L,,,,NW_010176891.1,,,,,,,,,,,,,,,,,,,,,,,,,,
Mixornis_gularis,n,scaffold,,,lack,IgC1_L,,,,QVAJ01000734.1,,,,,,,,,,,,,,,,,,,,,,,,,,
Molothrus_ater,n,chromosome,,,lack,IgC1_L,30,,,NC_050495.2,,,,,,,,,,,,,,,,,,,,,,,,,,
Nannopterum_brasilianum,n,absent,,,,,,,,,,,,,,,,,,,,,,,,,,,,,,,,,,
Neopelma_chrysocephalum,n,scaffold,,,lack,no alignment,,,,NW_020897916.1,,,,,,,,,,,,,,,,,,,,,,,,,,
Nestor_notabilis,n,scaffold,,absent,exists,"partial (CH1, CH34)",,1,,NW_009919433.1,,,,,,,,,,,,,,,,,,,,,,,,,,
Netta_erythrophthalma,y,absent,,,,,,,,,,,,,,,,,,,,,,,,,,,,,,,,,,
Netta_peposaca,y,scaffold,y,,lack,"partial (CH23, CH34)",55,,,JBPGNT010297929.1,,,,,,,,,,,,,,,,,,,,,,,,,,
Netta_rufina,y,chromosome,,present (polyC),exists,full,93,5,,OZ037828.1,EF*,"emb|OZ037828.1|:157432-245259 Netta rufina genome assembly, chromosome: 37",80133,81890,80729,80730,first,50,polyC,5,CCCCCCC,80679,80728,80720,80726,80731,80736,0,TGA,80734,6,TRUE,AATAAA,80926,TTCTGA,CCCCCCCGGAGTTCTGACCACCTTTGTTGTCCTCCTGACCCCCCCGCTGACCATGACCACCGACCCGGAGAACCCCCCCCCCCTCCAAAAATTTGGGGGGGGGGTGGACAACCTGCCCGTCGCCCTGGGACCTCTCCGGACCCCGAGGACCGGTGGGAAAAACAAAAAACAACAAAAAAATGGAGATTTTGGTGAAAAGCAACAAAAATAAA
Nettapus_auritus,y,chromosome,y,,lack,IgC1_L,35,,,CM021779.1,,,,,,,,,,,,,,,,,,,,,,,,,,
Nettapus_pulchellus,y,scaffold,y,present (polyC),exists,"partial (CH1, CH2, CH23, CH34)",74,,,JBMAIM010018321.1,EF*,"gb|JBMAIM010018321.1|:202-6248 Nettapus pulchellus isolate ANSP:skin:192488 18321, whole genome shotgun sequence",2467,3685,2856,2857,first,50,polyC,5,CCCCCCCCCC,2806,2855,2846,2855,2858,2865,2,TGA,2863,8,TRUE,AATAAA,3077,ACTTCTGA,CCCCCCCCCCAGACTTCTGACCACCTTTGTTGTCCTCCCGCCCCCACCGCCGGCCACGACCGCCGACCTCGAGGTCCTCCGAGAGCTCCTGGTGGGGGTGGACAACCCACCAGGTCCTCCTCCACCTTCCTGGGACGTCGGGACAACGTTGGCCCGCCGCCCCTGGGACCTCCGCGGAAGCCGAGGAGCTTTTGGGGGAAAAAAAGGAGATTTGGGTGAAAAGCAACAAAAAATAAA
Nipponia_nippon,n,chromosome,,,exists,"partial (CH1, CH2, CH23, CH34)",,none recognized,,NW_009000162.1,,,,,,,,,,,,,,,,,,,,,,,,,,
Nomonyx_dominicus,y,scaffold,,absent,exists,"partial (CH2, CH23)",,1,,JBPGNV010299471.1,,,,,,,,,,,,,,,,,,,,,,,,,,
Numida_meleagris,n,chromosome,,,lack,IgC1_L,,,,NC_034422.1,,,,,,,,,,,,,,,,,,,,,,,,,,
Nyctibius_grandis,n,chromosome,,absent,exists,full,69,3,,NW_027167605.1,,,,,,,,,,,,,,,,,,,,,,,,,,
Oceanites_oceanicus,n,scaffold,,,lack,"partial (CH23, CH34)",,,,VWZA01006583.1,,,,,,,,,,,,,,,,,,,,,,,,,,
Odontophorus_gujanensis,n,scaffold,,,lack,no alignment,31,,,VXAB01012686.1,,,,,,,,,,,,,,,,,,,,,,,,,,
Opisthocomus_hoazin,n,chromosome,,absent,exists,full,,3,,NW_027448724.1,,,,,,,,,,,,,,,,,,,,,,,,,,
Oreophasis_derbianus,n,,,,,,,,,,,,,,,,,,,,,,,,,,,,,,,,,,,
Oreortyx_pictus,n,,,,,,,,,,,,,,,,,,,,,,,,,,,,,,,,,,,
Otus_sunia,n,scaffold,,,lack,IgC1_L,17,,,ML997595.1,,,,,,,,,,,,,,,,,,,,,,,,,,
Oxyura_jamaicensis,y,chromosome,y,,lack,"partial (VH, CH34)",67,,,NW_023309056.1,,,,,,,,,,,,,,,,,,,,,,,,,,
Oxyura_vittata,y,scaffold,y,absent,exists,"partial (CH23, CH34)",58,1,,JBPGWG010153007.1,,,,,,,,,,,,,,,,,,,,,,,,,,
Pandion_haliaetus,n,scaffold,,absent,exists,"partial (CH1, CH2, CH23, CH34)",,2,,VYZV01004228.1,,,,,,,,,,,,,,,,,,,,,,,,,,
Paradisaea_rubra,n,scaffold,,absent,exists,"partial (CH2, CH23)",,1,,RAHL01001631.1,,,,,,,,,,,,,,,,,,,,,,,,,,
Parotia_lawesii,n,scaffold,,,lack,partial (CH34),48,,,RAHM01003030.1,,,,,,,,,,,,,,,,,,,,,,,,,,
Parus_major,n,chromosome,,,lack,IgC1_L,33,,,NC_031784.1,,,,,,,,,,,,,,,,,,,,,,,,,,
Passer_montanus,n,scaffold,,,lack,partial (CH34),53,,,NW_024372669.1,,,,,,,,,,,,,,,,,,,,,,,,,,
Patagioenas_fasciata,n,chromosome,,absent,exists,full,,3,33,NC_092552.1,,"ref|NC_092552.1|:676712-758519 Patagioenas fasciata isolate bPatFas1 chromosome 33, bPatFas1.hap1, whole genome shotgun sequence|rev-complement",60911,76256,63553,63554,first,50,polyC,5,CCCCCCC,63503,63552,63506,63512,63555,63562,2,TGA,63560,8,TRUE,AATAAA,63718,CAAGCTGA,CCCCCCCGCTCCGTGACGGAACCCAGGAGGTCACCTTCTTCTCCTACAGCAAGCTGAGGGTCCTCAAGAGCAGCTGGTTGGCTGGAGACGTCTACAGCTGCTTGGTTGTCCATGAAGGGTTGACCATGAAGATGGCCCAACGTCAAGCGCAGAAGAACCCGGGTAAATGAGGTCCCACCACGCTGGAGAAGACCCGTGTGAGGCAAAGAGTCAATAAA
Pavo_cristatus,n,chromosome,y,,lack,IgC1_L,45,,,CM099187.1,,,,,,,,,,,,,,,,,,,,,,,,,,
Pavo_muticus,n,,,,,,,,,,,,,,,,,,,,,,,,,,,,,,,,,,,
Pelecanoides_urinatrix,n,scaffold,,,exists,"partial (CH23, CH34)",56,none recognized,,VZTQ01000932.1,,,,,,,,,,,,,,,,,,,,,,,,,,
Pelecanus_crispus,n,chromosome,,absent,exists,"partial (CH1, CH2, CH23, CH34)",79,2,,NW_027461287.1,,,,,,,,,,,,,,,,,,,,,,,,,,
Penelope_jacquacu,n,,,,,,,,,,,,,,,,,,,,,,,,,,,,,,,,,,,
Penelope_obscura,n,,,,,,,,,,,,,,,,,,,,,,,,,,,,,,,,,,,
Penelope_pileata,n,scaffold,,,lack,partial (CH34),38,,,WBMW01000867.1,,,,,,,,,,,,,,,,,,,,,,,,,,
Perdix_hodgsoniae,n,,,,,,,,,,,,,,,,,,,,,,,,,,,,,,,,,,,
Phaethon_lepturus,n,scaffold,,,lack,partial (CH23),18,,,NW_010511949.1,,,,,,,,,,,,,,,,,,,,,,,,,,
Phalacrocorax_pelagicus,n,scaffold,,absent,exists,"partial (CH23, CH34)",,2,,NFMD01000577.1,,,,,,,,,,,,,,,,,,,,,,,,,,
Phasianus_colchicus,n,,,,,,,,,,,,,,,,,,,,,,,,,,,,,,,,,,,
Phoebastria_albatrus,n,scaffold,,,lack,"partial (CH23, CH34)",60,,,JAYKAT010001931.1,,,,,,,,,,,,,,,,,,,,,,,,,,
Phoenicopterus_ruber,n,chromosome,,absent,exists,"partial (CH1, CH23, CH34)",78,3,,WNMK01000063.1,,,,,,,,,,,,,,,,,,,,,,,,,,
Phylloscopus_trochilus,n,scaffold,,,lack,partial (VH),86,,,WQNJ02000054.1,,,,,,,,,,,,,,,,,,,,,,,,,,
Picoides_pubescens,n,chromosome,,,lack,IgC1_L,33,,,NC_071636.1,,,,,,,,,,,,,,,,,,,,,,,,,,
Pipra_filicauda,n,scaffold,,,exists,"IgV_L_lambda, IgC1_L",,,,NW_024104465.1,,,,,,,,,,,,,,,,,,,,,,,,,,
Podiceps_cristatus,n,scaffold,,,lack,partial (CH23),21,,,KL260982.1,,,,,,,,,,,,,,,,,,,,,,,,,,
Poecile_atricapillus,n,chromosome,,absent,exists,"partial (VH, CH1, CH23, CH34)",91,3,,NC_081267.1,,,,,,,,,,,,,,,,,,,,,,,,,,
Polyplectron_katsumatae,n,,,,,,,,,,,,,,,,,,,,,,,,,,,,,,,,,,,
Polysticta_stelleri,y,scaffold,,,exists,partial (CH2),,none recognized,,JBPPPG010197289.1,,,,,,,,,,,,,,,,,,,,,,,,,,
Pseudopodoces_humilis,n,scaffold,,,lack,"partial (CH1, CH2, CH23, CH34)",,,,NW_005087807.1,,,,,,,,,,,,,,,,,,,,,,,,,,
Pseudorectes_ferrugineus,n,scaffold,,,lack,no alignment,33,,,QWTY01068484.1,,,,,,,,,,,,,,,,,,,,,,,,,,
Psittacula_krameri,n,scaffold,,absent,exists,"partial (CH1, CH23, CH34)",,2,,NFZL01000153.1,,,,,,,,,,,,,,,,,,,,,,,,,,
Psittacus_erithacus,n,scaffold,,,lack,"partial (CH2, CH23, CH34)",57,,,WYDI02023515.1,,,,,,,,,,,,,,,,,,,,,,,,,,
Psittacus_timneh,n,scaffold,,,lack,"partial (CH2, CH23, CH34)",57,,,WYDJ02023608.1,,,,,,,,,,,,,,,,,,,,,,,,,,
Pterocles_gutturalis,n,chromosome,,,lack,partial (CH34),48,,,NW_010135772.1,,,,,,,,,,,,,,,,,,,,,,,,,,
Pygoscelis_adeliae,n,scaffold,,,lack,no alignment,,,,NW_008825538.1,,,,,,,,,,,,,,,,,,,,,,,,,,
Pyrrhura_perlata,n,scaffold,,absent,exists,"partial (CH2, CH23, CH34)",57,1,,JAAGVT020030555.1,,,,,,,,,,,,,,,,,,,,,,,,,,
Radjah_radjah,y,scaffold,,present (polyC),exists,"partial (CH2, CH23)",39,1,,JBPBUU010360096.1,EF*,"gb|JBPBUU010360096.1|:273-3534 Radjah radjah isolate ANSP:skin:192491 360096, whole genome shotgun sequence",483,2782,1063,1064,first,50,polyC,5,CCCCCC,1013,1062,1057,1062,1065,1072,2,TGA,1070,8,TRUE,AATAAA,1303,AGTTCTGA,CCCCCCAGAGTTCTGAGCACCTTTGTTGTCCTCCTGACCCCCCTGCTGGCCATGACCATCGACCTGGAGAACCCCCCCCCCACCTCCAAAAACGTGGTGGGGGGTGGACAACCCAGCAGGTCCTCCCCCCCTCTTCCTTGGACCTCAGGACAACGTTGGCCGCCTGCCCGTCGCCCTGGGACCTCTCCGGAACCCGAGGACCGGTGGGAAAAAAAAAAAATGGAGATTTTGGTGAAAACCAACAAAAATAAA
Recurvirostra_avosetta,n,scaffold,,absent,exists,"partial (CH1, CH2, CH23, CH34)",74,2,,SAYO01024993.1,,,,,,,,,,,,,,,,,,,,,,,,,,
Rhea_americana,n,scaffold,,,lack,IgC1,69,,,PTEV01000801.1,,,,,,,,,,,,,,,,,,,,,,,,,,
Sarkidiornis_melanotos,y,scaffold,y,,lack,no alignment,68,,,JBPRLG010000002.1,,,,,,,,,,,,,,,,,,,,,,,,,,
Sarkidiornis_sylvicola,y,scaffold,y,,lack,partial (CH34),44,,,JBMAHI010028205.1,,,,,,,,,,,,,,,,,,,,,,,,,,
Saxicola_maurus,n,scaffold,,,lack,no alignment,40,,,OAMK01000018.1,,,,,,,,,,,,,,,,,,,,,,,,,,
Scolopax_mira,n,scaffold,,absent,exists,partial (CH34),50,1,,BJBW01018230.1,,,,,,,,,,,,,,,,,,,,,,,,,,
Serinus_canaria,n,chromosome,,,lack,no alignment,17,,,NC_066333.1,,,,,,,,,,,,,,,,,,,,,,,,,,
Setophaga_coronata,n,chromosome,,,lack,partial (CH23),15,,,MDLI02001610.1,,,,,,,,,,,,,,,,,,,,,,,,,,
Sibirionetta_formosa,y,scaffold,,,exists,partial (CH2),,none recognized,,JBCAUB010310955.1,,,,,,,,,,,,,,,,,,,,,,,,,,
Somateria_fischeri,y,scaffold,y,,lack,partial (CH34),55,,,JBPGNS010218019.1,,,,,,,,,,,,,,,,,,,,,,,,,,
Somateria_mollissima,y,chromosome,y,,exists,IgC1_L,17,,,OX598705.1,,,,,,,,,,,,,,,,,,,,,,,,,,
Somateria_spectabilis,y,scaffold,y,,lack,"partial (CH23, CH34)",55,,,JBPGNU010178691.1,,,,,,,,,,,,,,,,,,,,,,,,,,
Spatula_clypeata,y,chromosome,,present (polyC),exists,full,92,5,30,OZ370085.1,EF*,"emb|OZ370085.1|:29671-680343 Spatula clypeata genome assembly, chromosome: 30",617133,619000,617556,617557,first,50,polyC,5,CCCCCCCCCC,617506,617555,617546,617555,617558,617565,2,TGA,617563,8,TRUE,AATAAA,617816,AGTTTTGA,CCCCCCCCCCAGAGTTTTGACCACCTTTGTTGTCCTCCTGACCCCCCTGCTGGCCACGACCACCGACCTGGAGACCCCCCCCCCTCCAAAAATTTTGGGGAGGGGGTTGGACAACCCAGCAGGTCCTCCCCCCACCCTCCACCTCTTCCTTGGACCTCAGGACAACGTTGGCCGCCCGCCCGTCGCCCTGGGACCTCTCCGGAACCCCGAGGAGCGGTGGGAAAAACAAAAAAAATGGAAAAAATGGAGATTTTGGTGAAAAGCAACAAAAATAAA
Spatula_cyanoptera,y,scaffold,y,present (polyC),exists,full,92,,,JBLQGW020000054.1,EF*,"gb|JBLQGW020000054.1|:791795-891883 Spatula cyanoptera voucher 22623 APZCR01886 isolate CinnamonTeal01 scaffold_54, whole genome shotgun sequence",90886,93510,91421,91422,first,50,polyC,5,CCCCCCCCCC,91371,91420,91411,91420,91423,91430,2,TGA,91428,8,TRUE,AATAAA,91681,AGTTTTGA,CCCCCCCCCCAGAGTTTTGACCACCTTTGTTGTCCTCCTGACCCCCCTGCTGGCCACGACCACCGACCTGGAGACCCCCCCCCCAAAAAAATTTGGGGAGGGGGTGGACAACCCAGCAGGTCCTCCCCCCACCACCCTCCACCTCTTCCTTGGACCTCAGGACAACGTCGGCCGCCCGCCCGTCGCCCTGGGACCTCTCCGGAACCCCGAGGAGCGGTGGGAAAAACAAAAAAAATGGAAAAAATGGAGATTTTGGTGAAAAGCAACAAAAATAAA
Spatula_discors,y,scaffold,y,,lack,partial (CH34),54,,, JAUJPJ010003917.1,,,,,,,,,,,,,,,,,,,,,,,,,,
Spatula_hottentota,y,scaffold,y,,lack,partial (CH34),54,,,JBPPPH010234417.1,,,,,,,,,,,,,,,,,,,,,,,,,,
Spatula_platalea,y,scaffold,y,,lack,IgC1,31,,,CDWWRI010005607.1,,,,,,,,,,,,,,,,,,,,,,,,,,
Spatula_puna,y,scaffold,y,,lack,"partial (CH23, CH34)",54,,,JBBYGV010073586.1,,,,,,,,,,,,,,,,,,,,,,,,,,
Spatula_querquedula,y,scaffold,y,,lack,"partial (CH23, CH34)",54,,,JAUJPN010088495.1,,,,,,,,,,,,,,,,,,,,,,,,,,
Spatula_rhynchotis,y,scaffold,y,present (polyC),exists,"partial (CH1, CH2, CH23)",58,,,JAVKLC010000297.1,EF*,"gb|JAVKLC010000297.1|:268-6213 Spatula rhynchotis voucher UWBM:78156 297, whole genome shotgun sequence|rev-complement",3291,5308,3753,3754,first,50,polyC,5,CCCCCCCCCCC,3703,3752,3742,3752,3755,3762,2,TGA,3760,8,TRUE,AATAAA,4013,AGTTTTGA,CCCCCCCCCCCAGAGTTTTGACCACCTTTGTTGTCCTCCTGACCCCCCTGCTGGCCACGACCACCGACCTGGAGACCCCCCCCCCCAAAAAATTTGGGGAGGGGGTGGACAACCCAGCAGGTCCTCCCCCCACCACCCTCCACCTCTTCCTTGGACCTCAGGACAACGTTGGCCGCCCGCCCGTCGCCCTGGGACCTCTCCGGAACCCCGAGGAGCGGTGGGAAAAACAAAAAAAATGGAAAAAATGGAGATTTTGGTGAAAAGCAACAAAAATAAA
Spatula_smithii,y,scaffold,y,present (polyC),exists,"partial (CH1, CH2, CH23, CH34)",75,,,JAWDEW010139673.1,EF*,"gb|JAWDEW010139673.1|:2978-8749 Spatula smithii voucher IRGN:REW674 139673, whole genome shotgun sequence|rev-complement",2779,4504,3428,3429,first,50,polyC,5,CCCCCCCCCC,3378,3427,3418,3427,3430,3437,2,TGA,3435,8,TRUE,AATAAA,3688,AGTTTTGA,CCCCCCCCCCAGAGTTTTGACCACCTTTGTTGTCCTCCTGACCCCCCTGCTGGCCACGACCACCGACCTGGAGACCCCCCCCCCCAAAAAATTTGGGGAGGGGGTGGACAACCCAGCAGGTCCTCCCCCCACCACCCTCCACCTCTTCCTTGGACCTCAGGACAACGTCGGCCGCCCGCCCATCGCCCTGGGACCTCTCCGGAACCCCGAGGAGCGGTGGGAAAAACAAAAAAAATGGAAAAAATGGAGATTTTGGTGAAAAGCAACAAAAATAAA
Spatula_versicolor,y,scaffold,y,present (polyC),exists,"partial (CH2, CH23, CH34)",58,,,JBBYHG010045972.1,EF*,"gb|JBBYHG010045972.1|:7274-11348 Spatula versicolor isolate UAM:Bird:17529 45972, whole genome shotgun sequence|rev-complement",502,2235,1006,1007,first,50,polyC,5,CCCCCCCCCCCC,956,1005,994,1005,1008,1015,2,TGA,1013,8,TRUE,AATAAA,1266,AGTTTTGA,CCCCCCCCCCCCAGAGTTTTGACCACCTTTGTTGTCCTCCTGACCCCCCCGCTGGCCATGACCACCGACCTGGAGACCCCCCCCCTCCAAAAATTTTGGGGAGGGGGTGTGGACAACCCAGCAGGTCCTCCCCCCACCCTCCACCTCTTCCTTGGACCTCAGGACAACGTTGGCCGCCCGCCCGTCGCCCTGGGACCTCTCCGGAACCCCGAGGAGCGGTGGGAAAAACAAAAAAAATGGAAAAAATGGAGATTTTGGTGAAAAGCAACAAAAATAAA
Speculanas_specularis,y,scaffold,y,,lack,"partial (CH23, CH34)",55,,,JAUJTY010000194.1,,,,,,,,,,,,,,,,,,,,,,,,,,
Spheniscus_magellanicus,n,scaffold,,absent,exists,"partial (CH1, CH2, CH23, CH34)",58,1,,VUKV01006152.1,,,,,,,,,,,,,,,,,,,,,,,,,,
Sporophila_hypoxantha,n,contig,,absent,exists,full,91,3,,JBRFQU010000075.1,,,,,,,,,,,,,,,,,,,,,,,,,,
Sterna_hirundo,n,chromosome,,absent,exists,"partial (CH1, CH2, CH23, CH34)",92,3,,WNMW01000084.1,,,,,,,,,,,,,,,,,,,,,,,,,,
Stictonetta_naevosa,y,chromosome,,,exists,partial (CH2),,none recognized,,JAACYO010015380.1,,,,,,,,,,,,,,,,,,,,,,,,,,
Strigops_habroptila,n,chromosome,,absent,exists,full,87,3,,NW_022651106.1,,,,,,,,,,,,,,,,,,,,,,,,,,
Strix_occidentalis,n,scaffold,,absent,exists,"partial (CH1, CH2, CH23, CH34)",88,2,,JASWHU010000621.1,,,,,,,,,,,,,,,,,,,,,,,,,,
Struthio_camelus,n,chromosome,,absent,exists,full,92,3,,NC_090970.1,,,,,,,,,,,,,,,,,,,,,,,,,,
Sturnus_vulgaris,n,chromosome,,,lack,IgC1_L,33,,,CM125281.1,,,,,,,,,,,,,,,,,,,,,,,,,,
Sylvia_atricapilla,n,chromosome,,,lack,partial (VH),31,,,NW_027077169.1,,,,,,,,,,,,,,,,,,,,,,,,,,
Syrmaticus_mikado,n,,,,,,,,,,,,,,,,,,,,,,,,,,,,,,,,,,,
Syrmaticus_reevesii,n,,,,,,,,,,,,,,,,,,,,,,,,,,,,,,,,,,,
Tachyeres_brachypterus,y,scaffold,y,,lack,partial (CH1),36,,,JAULBN010004588.1,,,,,,,,,,,,,,,,,,,,,,,,,,
Tachyeres_leucocephalus,y,scaffold,y,,lack,partial (CH34),51,,,JAVDPI010000251.1,,,,,,,,,,,,,,,,,,,,,,,,,,
Tachyeres_patachonicus,y,scaffold,y,,lack,"partial (CH23, CH34)",55,,,JBBYHP010015313.1,,,,,,,,,,,,,,,,,,,,,,,,,,
Tadorna_cristata,y,scaffold,y,,lack,partial (CH2),22,,,JBMBTY010739778.1,,,,,,,,,,,,,,,,,,,,,,,,,,
Tadorna_ferruginea,y,scaffold,y,,exists,"partial (CH1, CH23, CH34)",53,,,CDWWLE010015708.1,,,,,,,,,,,,,,,,,,,,,,,,,,
Tadorna_tadorna,y,scaffold,y,,lack,"partial (VH, CH23, CH34)",83,,,JBJGIA010022664.1,,,,,,,,,,,,,,,,,,,,,,,,,,
Tadorna_tadornoides,y,scaffold,y,absent,exists,"partial (VH, CH23, CH34)",84,3,,JBMBRP010000038.1,,,,,,,,,,,,,,,,,,,,,,,,,,
Tadorna_variegata,y,scaffold,y,,lack,"partial (CH23, CH34)",68,,,JBMBRR010000298.1,,,,,,,,,,,,,,,,,,,,,,,,,,
Taeniopygia_guttata,n,chromosome,,absent,exists,full,88,3,,NC_133061.1,,,,,,,,,,,,,,,,,,,,,,,,,,
Tauraco_erythrolophus,n,chromosome,,,lack,partial (VH),90,,,WOXW01000105.1,,,,,,,,,,,,,,,,,,,,,,,,,,
Tetrao_urogallus,n,chromosome,y,,lack,IgC1_L,31,,,CATOBQ010002927.1,,,,,,,,,,,,,,,,,,,,,,,,,,
Tetrax_tetrax,n,scaffold,,,lack,"partial (CH23, CH34)",38,,,WHYT01003107.1,,,,,,,,,,,,,,,,,,,,,,,,,,
Thalassarche_chlororhynchos,n,scaffold,,absent,exists,"partial (CH2, CH23, CH34)",57,1,,VZTW01008790.1,,,,,,,,,,,,,,,,,,,,,,,,,,
Todus_mexicanus,n,scaffold,,,lack,no alignment,54,,,WEIS01038005.1,,,,,,,,,,,,,,,,,,,,,,,,,,
Tragopan_temminckii,n,,,,,,,,,,,,,,,,,,,,,,,,,,,,,,,,,,,
Trogon_melanurus,n,scaffold,,,lack,partial (CH34),37,,,VXAG01004428.1,,,,,,,,,,,,,,,,,,,,,,,,,,
Tympanuchus_cupido,n,scaffold,,,,,31,,,MOXI01000069.1,,,,,,,,,,,,,,,,,,,,,,,,,,
Tympanuchus_pallidicinctus,n,,,,,,,,,,,,,,,,,,,,,,,,,,,,,,,,,,,
Tyto_alba,n,scaffold,,,lack,IgC1_L,33,,,NW_024881320.1,,,,,,,,,,,,,,,,,,,,,,,,,,
Upupa_epops,n,scaffold,,absent,exists,"partial (CH1, CH2, CH23, CH34)",69,2,,VZRI01002552.1,,,,,,,,,,,,,,,,,,,,,,,,,,
Uria_lomvia,n,scaffold,,,lack,partial (CH34),54,,,NOXD01004457.1,,,,,,,,,,,,,,,,,,,,,,,,,,
Zapornia_atra_Porzana_atra,n,scaffold,y,,lack,"partial (CH23, CH34)",37,,,VZTU01001540.1,,,,,,,,,,,,,,,,,,,,,,,,,,
Zonotrichia_albicollis,n,chromosome,,,lack,"partial (CH1, CH2, CH23, CH34)",49,,,NC_133858.1,,,,,,,,,,,,,,,,,,,,,,,,,,
Zosterops_lateralis,n,chromosome,,,lack,no alignment,92,,,OZ246472.1,,,,,,,,,,,,,,,,,,,,,,,,,,
Zosterops_pallidus,n,scaffold,,,lack,partial (CH23),36,,,STGZ01003202.1,,,,,,,,,,,,,,,,,,,,,,,,,,
